<?xml version='1.0' encoding='UTF-8'?><rows num="25"><row num="1"><documentname>Estación Marítima de pasajeros. Terminal del Ferry</documentname><turismdescription>La Terminal del Ferry se encuentra en la estación marítima de pasajeros del Puerto de Santurtzi, ...</turismdescription><turismdescription>La Terminal del Ferry se encuentra en la estación marítima de pasajeros del Puerto de Santurtzi, en el muelle Este. La compañía de transporte marítimo de pasajeros P&amp;amp;O opera desde este punto con el barco Pride of Bilbao. La estación dispone de los servicios básicos para hacer amena la espera: tienda de prensa, revistas y regalos, máquinas de vending, oficina de turismo e información. Para realizar el trayecto hasta o desde Santurtzi podemos caminar, lo que supone unos 10 minutos, o tomar un taxi. Los días de llegada y salida del ferry se pueden encontrar taxis en el exterior de la terminal, donde también hay un parking para turismos. Una vez en Santurtzi podemos tomar el tren o el autobús para trasladarnos a otras localidades.&amp;lt;br/&amp;gt;&amp;lt;br/&amp;gt;&amp;lt;strong&amp;gt;Destinos:&amp;lt;/strong&amp;gt; Bilbao-Portsmouth-Bilbao.</turismdescription><templatetype>Estaciones Transporte</templatetype><locality>Santurtzi</locality><accesibility>1</accesibility><accesibilityiconurl>accesibledescapacitados.gif</accesibilityiconurl><accesibilityicondescription>Accesible a personas con discapacidad</accesibilityicondescription><phone>944 839 494</phone><address>Puerto de Santurtzi</address><marks>Costa Vasca,Bilbao</marks><store>1</store><postalcode>48980</postalcode><transporttype>Marítimo</transporttype><latitudelongitude>43.331809,-3.029439</latitudelongitude><latwgs84>43.331809</latwgs84><lonwgs84>-3.029439</lonwgs84><municipality>Santurtzi</municipality><municipalitycode>082</municipalitycode><territory>Bizkaia</territory><territorycode>48</territorycode><country>España</country><countrycode>108</countrycode><friendlyurl>https://opendata.euskadi.eus/catalogo/-/es/estaciones/estacion-maritima-de-pasajeros-terminal-del-ferry/</friendlyurl><physicalurl>https://opendata.euskadi.eus/catalogo/contenidos/c_transporte_y_movilidad/0000009822_c3_rec_turismo/es_9822/9822-ficha2.html</physicalurl><dataxml>https://opendata.euskadi.eus/contenidos/c_transporte_y_movilidad/0000009822_c3_rec_turismo/es_9822/data/9822_openData.xml</dataxml><metadataxml>https://opendata.euskadi.eus/contenidos/c_transporte_y_movilidad/0000009822_c3_rec_turismo/r01Index/0000009822_c3_rec_turismo-idxContent.xml</metadataxml><zipfile>https://opendata.euskadi.eus/contenidos/c_transporte_y_movilidad/0000009822_c3_rec_turismo/opendata/0000009822_c3_rec_turismo.zip</zipfile></row><row num="2"><documentname>Estación Termibus de Bilbao</documentname><templatetype>Estaciones Transporte</templatetype><locality>Bilbao</locality><accesibility>1</accesibility><accesibilityiconurl>accesibledescapacitados.gif</accesibilityiconurl><accesibilityicondescription>Accesible a personas con discapacidad</accesibilityicondescription><phone>944 395 077</phone><address>Plaza Garellano, 14</address><marks>Bilbao</marks><web>http://www.termibus.es</web><postalcode>48013</postalcode><transporttype>Autobús</transporttype><latitudelongitude>43.26123009249153,-2.949852487246062</latitudelongitude><latwgs84>43.26123009249153</latwgs84><lonwgs84>-2.949852487246062</lonwgs84><municipality>Bilbao</municipality><municipalitycode>020</municipalitycode><territory>Bizkaia</territory><territorycode>48</territorycode><country>España</country><countrycode>108</countrycode><friendlyurl>https://opendata.euskadi.eus/catalogo/-/es/estaciones-transporte/estacion-termibus/</friendlyurl><physicalurl>https://opendata.euskadi.eus/catalogo/contenidos/c_transporte_y_movilidad/0000009664_c3_rec_turismo/es_9664/9664-ficha2.html</physicalurl><dataxml>https://opendata.euskadi.eus/contenidos/c_transporte_y_movilidad/0000009664_c3_rec_turismo/es_9664/data/9664_openData.xml</dataxml><metadataxml>https://opendata.euskadi.eus/contenidos/c_transporte_y_movilidad/0000009664_c3_rec_turismo/r01Index/0000009664_c3_rec_turismo-idxContent.xml</metadataxml><zipfile>https://opendata.euskadi.eus/contenidos/c_transporte_y_movilidad/0000009664_c3_rec_turismo/opendata/0000009664_c3_rec_turismo.zip</zipfile></row><row num="3"><documentname>Estación Zazpikaleak - Casco Viejo. EuskoTren</documentname><templatetype>Estaciones Transporte</templatetype><locality>Bilbao</locality><accesibility>1</accesibility><accesibilityiconurl>accesibledescapacitados.gif</accesibilityiconurl><accesibilityicondescription>Accesible a personas con discapacidad</accesibilityicondescription><phone>944 333 333</phone><address>Plaza San Nicolás, bajo</address><marks>Bilbao</marks><tourismemail>attcliente@euskotren.eus</tourismemail><web>http://www.euskotren.eus</web><postalcode>48005</postalcode><transporttype>Tren</transporttype><latitudelongitude>43.2600969756451,-2.9218001507873623</latitudelongitude><latwgs84>43.2600969756451</latwgs84><lonwgs84>-2.9218001507873623</lonwgs84><municipality>Bilbao</municipality><municipalitycode>020</municipalitycode><territory>Bizkaia</territory><territorycode>48</territorycode><country>España</country><countrycode>108</countrycode><friendlyurl>https://opendata.euskadi.eus/catalogo/-/es/estaciones-transporte/estacion-zazpi-kalea-casco-viejo-euskotren/</friendlyurl><physicalurl>https://opendata.euskadi.eus/catalogo/contenidos/c_transporte_y_movilidad/0000001951_c3_rec_turismo/es_1951/1951-ficha2.html</physicalurl><dataxml>https://opendata.euskadi.eus/contenidos/c_transporte_y_movilidad/0000001951_c3_rec_turismo/es_1951/data/1951_openData.xml</dataxml><metadataxml>https://opendata.euskadi.eus/contenidos/c_transporte_y_movilidad/0000001951_c3_rec_turismo/r01Index/0000001951_c3_rec_turismo-idxContent.xml</metadataxml><zipfile>https://opendata.euskadi.eus/contenidos/c_transporte_y_movilidad/0000001951_c3_rec_turismo/opendata/0000001951_c3_rec_turismo.zip</zipfile></row><row num="4"><documentname>Estación de Abando Indalecio Prieto. RENFE. (Conexión a la ciudad con Metro Bilbao)</documentname><templatetype>Estaciones Transporte</templatetype><locality>Bilbao</locality><accesibility>1</accesibility><accesibilityiconurl>accesibledescapacitados.gif</accesibilityiconurl><accesibilityicondescription>Accesible a personas con discapacidad</accesibilityicondescription><phone>912 320 320</phone><address>Plaza Circular, 2</address><marks>Bilbao</marks><web>http://www.renfe.es/</web><postalcode>48008</postalcode><transporttype>Tren</transporttype><latitudelongitude>43.26137911637598,-2.9276840474096844</latitudelongitude><latwgs84>43.26137911637598</latwgs84><lonwgs84>-2.9276840474096844</lonwgs84><municipality>Bilbao</municipality><municipalitycode>020</municipalitycode><territory>Bizkaia</territory><territorycode>48</territorycode><country>España</country><countrycode>108</countrycode><friendlyurl>https://opendata.euskadi.eus/catalogo/-/es/estaciones-transporte/estacion-de-abando-indalecio-prieto-renfe/</friendlyurl><physicalurl>https://opendata.euskadi.eus/catalogo/contenidos/c_transporte_y_movilidad/0000001958_c3_rec_turismo/es_1958/1958-ficha2.html</physicalurl><dataxml>https://opendata.euskadi.eus/contenidos/c_transporte_y_movilidad/0000001958_c3_rec_turismo/es_1958/data/1958_openData.xml</dataxml><metadataxml>https://opendata.euskadi.eus/contenidos/c_transporte_y_movilidad/0000001958_c3_rec_turismo/r01Index/0000001958_c3_rec_turismo-idxContent.xml</metadataxml><zipfile>https://opendata.euskadi.eus/contenidos/c_transporte_y_movilidad/0000001958_c3_rec_turismo/opendata/0000001958_c3_rec_turismo.zip</zipfile></row><row num="5"><documentname>Estación de Amara. EuskoTren (Conecta con el ?TOPO? (Red ferroviaria de vía estrecha que conecta la ciudad con diferentes localidades)</documentname><templatetype>Estaciones Transporte</templatetype><locality>Donostia / San Sebastián</locality><accesibility>1</accesibility><accesibilityiconurl>accesibledescapacitados.gif</accesibilityiconurl><accesibilityicondescription>Accesible a personas con discapacidad</accesibilityicondescription><phone>944 333 333</phone><address>Plaza Easo, 9</address><marks>Costa Vasca,San Sebastián</marks><tourismemail>attcliente@euskotren.eus</tourismemail><web>http://www.euskotren.eus/</web><postalcode>20006</postalcode><transporttype>Tren</transporttype><latitudelongitude>43.31311791238812,-1.9816454563446086</latitudelongitude><latwgs84>43.31311791238812</latwgs84><lonwgs84>-1.9816454563446086</lonwgs84><municipality>Donostia / San Sebastián</municipality><municipalitycode>069</municipalitycode><territory>Gipuzkoa</territory><territorycode>20</territorycode><country>España</country><countrycode>108</countrycode><friendlyurl>https://opendata.euskadi.eus/catalogo/-/es/estaciones-transporte/estacion-de-amara-euskotren/</friendlyurl><physicalurl>https://opendata.euskadi.eus/catalogo/contenidos/c_transporte_y_movilidad/0000001950_c3_rec_turismo/es_1950/1950-ficha2.html</physicalurl><dataxml>https://opendata.euskadi.eus/contenidos/c_transporte_y_movilidad/0000001950_c3_rec_turismo/es_1950/data/1950_openData.xml</dataxml><metadataxml>https://opendata.euskadi.eus/contenidos/c_transporte_y_movilidad/0000001950_c3_rec_turismo/r01Index/0000001950_c3_rec_turismo-idxContent.xml</metadataxml><zipfile>https://opendata.euskadi.eus/contenidos/c_transporte_y_movilidad/0000001950_c3_rec_turismo/opendata/0000001950_c3_rec_turismo.zip</zipfile></row><row num="6"><documentname>Estación de Ametzola. RENFE</documentname><templatetype>Estaciones Transporte</templatetype><locality>Bilbao</locality><accesibility>1</accesibility><accesibilityiconurl>accesibledescapacitados.gif</accesibilityiconurl><accesibilityicondescription>Accesible a personas con discapacidad</accesibilityicondescription><phone>912 320 320</phone><address>Gordóniz, s/n</address><marks>Bilbao</marks><web>http://www.renfe.es</web><postalcode>48012</postalcode><transporttype>Tren</transporttype><latitudelongitude>43.25467399373366,-2.9436492919921875</latitudelongitude><latwgs84>43.25467399373366</latwgs84><lonwgs84>-2.9436492919921875</lonwgs84><municipality>Bilbao</municipality><municipalitycode>020</municipalitycode><territory>Bizkaia</territory><territorycode>48</territorycode><country>España</country><countrycode>108</countrycode><friendlyurl>https://opendata.euskadi.eus/catalogo/-/es/estaciones-transporte/estacion-de-ametzola-renfe/</friendlyurl><physicalurl>https://opendata.euskadi.eus/catalogo/contenidos/c_transporte_y_movilidad/0000001962_c3_rec_turismo/es_1962/1962-ficha2.html</physicalurl><dataxml>https://opendata.euskadi.eus/contenidos/c_transporte_y_movilidad/0000001962_c3_rec_turismo/es_1962/data/1962_openData.xml</dataxml><metadataxml>https://opendata.euskadi.eus/contenidos/c_transporte_y_movilidad/0000001962_c3_rec_turismo/r01Index/0000001962_c3_rec_turismo-idxContent.xml</metadataxml><zipfile>https://opendata.euskadi.eus/contenidos/c_transporte_y_movilidad/0000001962_c3_rec_turismo/opendata/0000001962_c3_rec_turismo.zip</zipfile></row><row num="7"><documentname>Estación de Atxuri. EuskoTren</documentname><templatetype>Estaciones Transporte</templatetype><locality>Bilbao</locality><accesibility>1</accesibility><accesibilityiconurl>accesibledescapacitados.gif</accesibilityiconurl><accesibilityicondescription>Accesible a personas con discapacidad</accesibilityicondescription><phone>944 333 333</phone><address>Calle Atxuri, 6-8</address><marks>Bilbao</marks><tourismemail>attcliente@euskotren.eus</tourismemail><web>http://www.euskotren.eus</web><postalcode>48006</postalcode><transporttype>Tren</transporttype><latitudelongitude>43.25366407052553,-2.9214701018523783</latitudelongitude><latwgs84>43.25366407052553</latwgs84><lonwgs84>-2.9214701018523783</lonwgs84><municipality>Bilbao</municipality><municipalitycode>020</municipalitycode><territory>Bizkaia</territory><territorycode>48</territorycode><country>España</country><countrycode>108</countrycode><friendlyurl>https://opendata.euskadi.eus/catalogo/-/es/estaciones-transporte/estacion-de-atxuri-euskotren/</friendlyurl><physicalurl>https://opendata.euskadi.eus/catalogo/contenidos/c_transporte_y_movilidad/0000001952_c3_rec_turismo/es_1952/1952-ficha2.html</physicalurl><dataxml>https://opendata.euskadi.eus/contenidos/c_transporte_y_movilidad/0000001952_c3_rec_turismo/es_1952/data/1952_openData.xml</dataxml><metadataxml>https://opendata.euskadi.eus/contenidos/c_transporte_y_movilidad/0000001952_c3_rec_turismo/r01Index/0000001952_c3_rec_turismo-idxContent.xml</metadataxml><zipfile>https://opendata.euskadi.eus/contenidos/c_transporte_y_movilidad/0000001952_c3_rec_turismo/opendata/0000001952_c3_rec_turismo.zip</zipfile></row><row num="8"><documentname>Estación de Bermeo. Euskotren</documentname><templatetype>Estaciones Transporte</templatetype><phone>944 333 333</phone><address>Santamañe kalea, s/n bajo</address><marks>Costa Vasca</marks><tourismemail>attcliente@euskotren.eus</tourismemail><web>http://www.euskotren.eus/</web><postalcode>48370</postalcode><transporttype>Tren</transporttype><latitudelongitude>43.41797326456571,-2.72339543068847</latitudelongitude><latwgs84>43.41797326456571</latwgs84><lonwgs84>-2.72339543068847</lonwgs84><municipality>Bermeo</municipality><municipalitycode>017</municipalitycode><territory>Bizkaia</territory><territorycode>48</territorycode><country>España</country><countrycode>108</countrycode><friendlyurl>https://opendata.euskadi.eus/catalogo/-/es/estaciones-transporte/estacion-de-bermeo-euskotren/</friendlyurl><physicalurl>https://opendata.euskadi.eus/catalogo/contenidos/c_transporte_y_movilidad/0000200838_c3_rec_turismo/es_200838/200838-ficha2.html</physicalurl><dataxml>https://opendata.euskadi.eus/contenidos/c_transporte_y_movilidad/0000200838_c3_rec_turismo/es_200838/data/200838_openData.xml</dataxml><metadataxml>https://opendata.euskadi.eus/contenidos/c_transporte_y_movilidad/0000200838_c3_rec_turismo/r01Index/0000200838_c3_rec_turismo-idxContent.xml</metadataxml><zipfile>https://opendata.euskadi.eus/contenidos/c_transporte_y_movilidad/0000200838_c3_rec_turismo/opendata/0000200838_c3_rec_turismo.zip</zipfile></row><row num="9"><documentname>Estación de Gernika. Euskotren</documentname><templatetype>Estaciones Transporte</templatetype><phone>944 333 333</phone><address>Plaza Estacion, s/n bajo</address><marks>Costa Vasca</marks><tourismemail>attcliente@euskotren.eus</tourismemail><web>http://www.euskotren.eus/</web><postalcode>48300</postalcode><transporttype>Tren</transporttype><latitudelongitude>43.31447217845977,-2.67584066239624</latitudelongitude><latwgs84>43.31447217845977</latwgs84><lonwgs84>-2.67584066239624</lonwgs84><municipality>Gernika-Lumo</municipality><municipalitycode>046</municipalitycode><territory>Bizkaia</territory><territorycode>48</territorycode><country>España</country><countrycode>108</countrycode><friendlyurl>https://opendata.euskadi.eus/catalogo/-/es/estaciones-transporte/estacion-de-gernika-euskotren/</friendlyurl><physicalurl>https://opendata.euskadi.eus/catalogo/contenidos/c_transporte_y_movilidad/0000200839_c3_rec_turismo/es_200839/200839-ficha2.html</physicalurl><dataxml>https://opendata.euskadi.eus/contenidos/c_transporte_y_movilidad/0000200839_c3_rec_turismo/es_200839/data/200839_openData.xml</dataxml><metadataxml>https://opendata.euskadi.eus/contenidos/c_transporte_y_movilidad/0000200839_c3_rec_turismo/r01Index/0000200839_c3_rec_turismo-idxContent.xml</metadataxml><zipfile>https://opendata.euskadi.eus/contenidos/c_transporte_y_movilidad/0000200839_c3_rec_turismo/opendata/0000200839_c3_rec_turismo.zip</zipfile></row><row num="10"><documentname>Estación de Irun. RENFE</documentname><templatetype>Estaciones Transporte</templatetype><locality>Irun</locality><accesibility>1</accesibility><accesibilityiconurl>accesibledescapacitados.gif</accesibilityiconurl><accesibilityicondescription>Accesible a personas con discapacidad</accesibilityicondescription><phone>912 320 320</phone><address>Calle de la Estación, s/n</address><marks>Montes y Valles vascos</marks><web>http://www.renfe.es</web><postalcode>20301</postalcode><transporttype>Tren</transporttype><latitudelongitude>43.33935330526008,-1.8011489867858472</latitudelongitude><latwgs84>43.33935330526008</latwgs84><lonwgs84>-1.8011489867858472</lonwgs84><municipality>Irun</municipality><municipalitycode>045</municipalitycode><territory>Gipuzkoa</territory><territorycode>20</territorycode><country>España</country><countrycode>108</countrycode><friendlyurl>https://opendata.euskadi.eus/catalogo/-/es/estaciones-transporte/estacion-de-irun-renfe/</friendlyurl><physicalurl>https://opendata.euskadi.eus/catalogo/contenidos/c_transporte_y_movilidad/0000001953_c3_rec_turismo/es_1953/1953-ficha2.html</physicalurl><dataxml>https://opendata.euskadi.eus/contenidos/c_transporte_y_movilidad/0000001953_c3_rec_turismo/es_1953/data/1953_openData.xml</dataxml><metadataxml>https://opendata.euskadi.eus/contenidos/c_transporte_y_movilidad/0000001953_c3_rec_turismo/r01Index/0000001953_c3_rec_turismo-idxContent.xml</metadataxml><zipfile>https://opendata.euskadi.eus/contenidos/c_transporte_y_movilidad/0000001953_c3_rec_turismo/opendata/0000001953_c3_rec_turismo.zip</zipfile></row><row num="11"><documentname>Estación de La Concordia. Renfe  FEVE (Conecta con diferentes puntos de Euskadi y Santander)</documentname><templatetype>Estaciones Transporte</templatetype><locality>Bilbao</locality><accesibility>1</accesibility><accesibilityiconurl>accesibledescapacitados.gif</accesibilityiconurl><accesibilityicondescription>Accesible a personas con discapacidad</accesibilityicondescription><phone>912 320 320</phone><address>Calle Bailén, 2</address><marks>Bilbao</marks><web>http://www.renfe.com/viajeros/feve/index.html</web><postalcode>48003</postalcode><transporttype>Tren</transporttype><latitudelongitude>43.26028137352986,-2.92657455698361</latitudelongitude><latwgs84>43.26028137352986</latwgs84><lonwgs84>-2.92657455698361</lonwgs84><municipality>Bilbao</municipality><municipalitycode>020</municipalitycode><territory>Bizkaia</territory><territorycode>48</territorycode><country>España</country><countrycode>108</countrycode><friendlyurl>https://opendata.euskadi.eus/catalogo/-/es/estaciones-transporte/estacion-de-la-concordia-feve/</friendlyurl><physicalurl>https://opendata.euskadi.eus/catalogo/contenidos/c_transporte_y_movilidad/0000001954_c3_rec_turismo/es_1954/1954-ficha2.html</physicalurl><dataxml>https://opendata.euskadi.eus/contenidos/c_transporte_y_movilidad/0000001954_c3_rec_turismo/es_1954/data/1954_openData.xml</dataxml><metadataxml>https://opendata.euskadi.eus/contenidos/c_transporte_y_movilidad/0000001954_c3_rec_turismo/r01Index/0000001954_c3_rec_turismo-idxContent.xml</metadataxml><zipfile>https://opendata.euskadi.eus/contenidos/c_transporte_y_movilidad/0000001954_c3_rec_turismo/opendata/0000001954_c3_rec_turismo.zip</zipfile></row><row num="12"><documentname>Estación de San Mamés. RENFE</documentname><templatetype>Estaciones Transporte</templatetype><locality>Bilbao</locality><accesibility>1</accesibility><accesibilityiconurl>accesibledescapacitados.gif</accesibilityiconurl><accesibilityicondescription>Accesible a personas con discapacidad</accesibilityicondescription><phone>912 320 320</phone><address>Luis Briñas, s/n</address><marks>Bilbao</marks><web>http://www.renfe.es</web><postalcode>48013</postalcode><transporttype>Tren</transporttype><latitudelongitude>43.26142879873436,-2.948884963989258</latitudelongitude><latwgs84>43.26142879873436</latwgs84><lonwgs84>-2.948884963989258</lonwgs84><municipality>Bilbao</municipality><municipalitycode>020</municipalitycode><territory>Bizkaia</territory><territorycode>48</territorycode><country>España</country><countrycode>108</countrycode><friendlyurl>https://opendata.euskadi.eus/catalogo/-/es/estaciones-transporte/estacion-de-san-mames-renfe/</friendlyurl><physicalurl>https://opendata.euskadi.eus/catalogo/contenidos/c_transporte_y_movilidad/0000001959_c3_rec_turismo/es_1959/1959-ficha2.html</physicalurl><dataxml>https://opendata.euskadi.eus/contenidos/c_transporte_y_movilidad/0000001959_c3_rec_turismo/es_1959/data/1959_openData.xml</dataxml><metadataxml>https://opendata.euskadi.eus/contenidos/c_transporte_y_movilidad/0000001959_c3_rec_turismo/r01Index/0000001959_c3_rec_turismo-idxContent.xml</metadataxml><zipfile>https://opendata.euskadi.eus/contenidos/c_transporte_y_movilidad/0000001959_c3_rec_turismo/opendata/0000001959_c3_rec_turismo.zip</zipfile></row><row num="13"><documentname>Estación de San Sebastián-Donostia. Larga distancia y Cercanía. RENFE</documentname><templatetype>Estaciones Transporte</templatetype><locality>Donostia / San Sebastián</locality><accesibility>1</accesibility><accesibilityiconurl>accesibledescapacitados.gif</accesibilityiconurl><accesibilityicondescription>Accesible a personas con discapacidad</accesibilityicondescription><phone>912 320 320</phone><address>Paseo de Francia, 22</address><marks>Costa Vasca,San Sebastián</marks><web>http://www.renfe.es/</web><postalcode>20012</postalcode><transporttype>Tren</transporttype><latitudelongitude>43.317742405925394,-1.97669797168885</latitudelongitude><latwgs84>43.317742405925394</latwgs84><lonwgs84>-1.97669797168885</lonwgs84><municipality>Donostia / San Sebastián</municipality><municipalitycode>069</municipalitycode><territory>Gipuzkoa</territory><territorycode>20</territorycode><country>España</country><countrycode>108</countrycode><friendlyurl>https://opendata.euskadi.eus/catalogo/-/es/estaciones-transporte/estacion-de-san-sebastian-donostia-renfe/</friendlyurl><physicalurl>https://opendata.euskadi.eus/catalogo/contenidos/c_transporte_y_movilidad/0000001960_c3_rec_turismo/es_1960/1960-ficha2.html</physicalurl><dataxml>https://opendata.euskadi.eus/contenidos/c_transporte_y_movilidad/0000001960_c3_rec_turismo/es_1960/data/1960_openData.xml</dataxml><metadataxml>https://opendata.euskadi.eus/contenidos/c_transporte_y_movilidad/0000001960_c3_rec_turismo/r01Index/0000001960_c3_rec_turismo-idxContent.xml</metadataxml><zipfile>https://opendata.euskadi.eus/contenidos/c_transporte_y_movilidad/0000001960_c3_rec_turismo/opendata/0000001960_c3_rec_turismo.zip</zipfile></row><row num="14"><documentname>Estación de Vitoria-Gasteiz. Cercanías y larga distancia. RENFE</documentname><templatetype>Estaciones Transporte</templatetype><locality>Vitoria-Gasteiz</locality><accesibility>1</accesibility><accesibilityiconurl>accesibledescapacitados.gif</accesibilityiconurl><accesibilityicondescription>Accesible a personas con discapacidad</accesibilityicondescription><phone>912 320 320</phone><address>Eduardo Dato, 46</address><marks>Vitoria-Gasteiz</marks><web>http://www.renfe.es</web><postalcode>01010</postalcode><transporttype>Tren</transporttype><latitudelongitude>42.84165063416191,-2.672780778623064</latitudelongitude><latwgs84>42.84165063416191</latwgs84><lonwgs84>-2.672780778623064</lonwgs84><municipality>Vitoria-Gasteiz</municipality><municipalitycode>059</municipalitycode><territory>Araba/Álava</territory><territorycode>01</territorycode><country>España</country><countrycode>108</countrycode><friendlyurl>https://opendata.euskadi.eus/catalogo/-/es/estaciones-transporte/estacion-de-vitoria-gasteiz-renfe/</friendlyurl><physicalurl>https://opendata.euskadi.eus/catalogo/contenidos/c_transporte_y_movilidad/0000001955_c3_rec_turismo/es_1955/1955-ficha2.html</physicalurl><dataxml>https://opendata.euskadi.eus/contenidos/c_transporte_y_movilidad/0000001955_c3_rec_turismo/es_1955/data/1955_openData.xml</dataxml><metadataxml>https://opendata.euskadi.eus/contenidos/c_transporte_y_movilidad/0000001955_c3_rec_turismo/r01Index/0000001955_c3_rec_turismo-idxContent.xml</metadataxml><zipfile>https://opendata.euskadi.eus/contenidos/c_transporte_y_movilidad/0000001955_c3_rec_turismo/opendata/0000001955_c3_rec_turismo.zip</zipfile></row><row num="15"><documentname>Estación de Zabalburu. RENFE</documentname><templatetype>Estaciones Transporte</templatetype><locality>Bilbao</locality><accesibility>1</accesibility><accesibilityiconurl>accesibledescapacitados.gif</accesibilityiconurl><accesibilityicondescription>Accesible a personas con discapacidad</accesibilityicondescription><phone>912 320 320</phone><address>García Salazar, s/n</address><marks>Bilbao</marks><web>http://www.renfe.es</web><postalcode>48003</postalcode><transporttype>Tren</transporttype><latitudelongitude>43.25641686635865,-2.9325401534423463</latitudelongitude><latwgs84>43.25641686635865</latwgs84><lonwgs84>-2.9325401534423463</lonwgs84><municipality>Bilbao</municipality><municipalitycode>020</municipalitycode><territory>Bizkaia</territory><territorycode>48</territorycode><country>España</country><countrycode>108</countrycode><friendlyurl>https://opendata.euskadi.eus/catalogo/-/es/estaciones-transporte/estacion-de-zabalburu-renfe/</friendlyurl><physicalurl>https://opendata.euskadi.eus/catalogo/contenidos/c_transporte_y_movilidad/0000001956_c3_rec_turismo/es_1956/1956-ficha2.html</physicalurl><dataxml>https://opendata.euskadi.eus/contenidos/c_transporte_y_movilidad/0000001956_c3_rec_turismo/es_1956/data/1956_openData.xml</dataxml><metadataxml>https://opendata.euskadi.eus/contenidos/c_transporte_y_movilidad/0000001956_c3_rec_turismo/r01Index/0000001956_c3_rec_turismo-idxContent.xml</metadataxml><zipfile>https://opendata.euskadi.eus/contenidos/c_transporte_y_movilidad/0000001956_c3_rec_turismo/opendata/0000001956_c3_rec_turismo.zip</zipfile></row><row num="16"><documentname>Estación de Zarautz. Euskotren</documentname><templatetype>Estaciones Transporte</templatetype><phone>944 333 333</phone><address>Lapurdi, 2 - bajo</address><marks>Costa Vasca</marks><tourismemail>attcliente@euskotren.eus</tourismemail><web>http://www.euskotren.eus/</web><postalcode>20800</postalcode><transporttype>Tren</transporttype><latitudelongitude>43.284274177985985,-2.170869292590396</latitudelongitude><latwgs84>43.284274177985985</latwgs84><lonwgs84>-2.170869292590396</lonwgs84><municipality>Zarautz</municipality><municipalitycode>079</municipalitycode><territory>Gipuzkoa</territory><territorycode>20</territorycode><country>España</country><countrycode>108</countrycode><friendlyurl>https://opendata.euskadi.eus/catalogo/-/es/estaciones-transporte/estacion-de-zarautz-euskotren/</friendlyurl><physicalurl>https://opendata.euskadi.eus/catalogo/contenidos/c_transporte_y_movilidad/0000200843_c3_rec_turismo/es_200843/200843-ficha2.html</physicalurl><dataxml>https://opendata.euskadi.eus/contenidos/c_transporte_y_movilidad/0000200843_c3_rec_turismo/es_200843/data/200843_openData.xml</dataxml><metadataxml>https://opendata.euskadi.eus/contenidos/c_transporte_y_movilidad/0000200843_c3_rec_turismo/r01Index/0000200843_c3_rec_turismo-idxContent.xml</metadataxml><zipfile>https://opendata.euskadi.eus/contenidos/c_transporte_y_movilidad/0000200843_c3_rec_turismo/opendata/0000200843_c3_rec_turismo.zip</zipfile></row><row num="17"><documentname>Estación de autobuses de San Sebastián</documentname><templatetype>Estaciones Transporte</templatetype><locality>Donostia / San Sebastián</locality><accesibility>1</accesibility><accesibilityiconurl>accesibledescapacitados.gif</accesibilityiconurl><accesibilityicondescription>Accesible a personas con discapacidad</accesibilityicondescription><phone>943 47 51 50</phone><address>Paseo Federico García Lorca, 1</address><marks>Costa Vasca,San Sebastián</marks><tourismemail>info@estaciondonostia.com</tourismemail><web>http://www.estaciondonostia.com</web><postalcode>20010</postalcode><transporttype>Autobús</transporttype><latitudelongitude>43.317000271775214,-1.9774135171966236</latitudelongitude><latwgs84>43.317000271775214</latwgs84><lonwgs84>-1.9774135171966236</lonwgs84><municipality>Donostia / San Sebastián</municipality><municipalitycode>069</municipalitycode><territory>Gipuzkoa</territory><territorycode>20</territorycode><country>España</country><countrycode>108</countrycode><friendlyurl>https://opendata.euskadi.eus/catalogo/-/es/estaciones-transporte/estacion-de-autobuses-de-san-sebastian/</friendlyurl><physicalurl>https://opendata.euskadi.eus/catalogo/contenidos/c_transporte_y_movilidad/0000009682_c3_rec_turismo/es_9682/9682-ficha2.html</physicalurl><dataxml>https://opendata.euskadi.eus/contenidos/c_transporte_y_movilidad/0000009682_c3_rec_turismo/es_9682/data/9682_openData.xml</dataxml><metadataxml>https://opendata.euskadi.eus/contenidos/c_transporte_y_movilidad/0000009682_c3_rec_turismo/r01Index/0000009682_c3_rec_turismo-idxContent.xml</metadataxml><zipfile>https://opendata.euskadi.eus/contenidos/c_transporte_y_movilidad/0000009682_c3_rec_turismo/opendata/0000009682_c3_rec_turismo.zip</zipfile></row><row num="18"><documentname>Estación de Zumaia. Euskotren</documentname><templatetype>Estaciones Transporte</templatetype><phone>944 333 333</phone><address>Estazioko kalea 1, bajo</address><marks>Costa Vasca</marks><tourismemail>attcliente@euskotren.eus</tourismemail><web>http://www.euskotren.eus/</web><postalcode>20750</postalcode><transporttype>Tren</transporttype><latitudelongitude>43.29179317697145,-2.251036490260276</latitudelongitude><latwgs84>43.29179317697145</latwgs84><lonwgs84>-2.251036490260276</lonwgs84><municipality>Zumaia</municipality><municipalitycode>081</municipalitycode><territory>Gipuzkoa</territory><territorycode>20</territorycode><country>España</country><countrycode>108</countrycode><friendlyurl>https://opendata.euskadi.eus/catalogo/-/es/estaciones-transporte/estacion-de-zumaia-euskotren/</friendlyurl><physicalurl>https://opendata.euskadi.eus/catalogo/contenidos/c_transporte_y_movilidad/0000200842_c3_rec_turismo/es_200842/200842-ficha2.html</physicalurl><dataxml>https://opendata.euskadi.eus/contenidos/c_transporte_y_movilidad/0000200842_c3_rec_turismo/es_200842/data/200842_openData.xml</dataxml><metadataxml>https://opendata.euskadi.eus/contenidos/c_transporte_y_movilidad/0000200842_c3_rec_turismo/r01Index/0000200842_c3_rec_turismo-idxContent.xml</metadataxml><zipfile>https://opendata.euskadi.eus/contenidos/c_transporte_y_movilidad/0000200842_c3_rec_turismo/opendata/0000200842_c3_rec_turismo.zip</zipfile></row><row num="19"><documentname>Estación de tren de Cercanías de Gros. RENFE</documentname><templatetype>Estaciones Transporte</templatetype><locality>Donostia / San Sebastián</locality><accesibility>1</accesibility><accesibilityiconurl>accesibledescapacitados.gif</accesibilityiconurl><accesibilityicondescription>Accesible a personas con discapacidad</accesibilityicondescription><phone>912 320 320</phone><address>Calle Misericordia, 7</address><marks>Costa Vasca,San Sebastián</marks><web>http://www.renfe.es</web><postalcode>20001</postalcode><transporttype>Tren</transporttype><latitudelongitude>43.321814574491505,-1.9738379152054222</latitudelongitude><latwgs84>43.321814574491505</latwgs84><lonwgs84>-1.9738379152054222</lonwgs84><municipality>Donostia / San Sebastián</municipality><municipalitycode>069</municipalitycode><territory>Gipuzkoa</territory><territorycode>20</territorycode><country>España</country><countrycode>108</countrycode><friendlyurl>https://opendata.euskadi.eus/catalogo/-/es/estaciones-transporte/estacion-de-gros-renfe/</friendlyurl><physicalurl>https://opendata.euskadi.eus/catalogo/contenidos/c_transporte_y_movilidad/0000001961_c3_rec_turismo/es_1961/1961-ficha2.html</physicalurl><dataxml>https://opendata.euskadi.eus/contenidos/c_transporte_y_movilidad/0000001961_c3_rec_turismo/es_1961/data/1961_openData.xml</dataxml><metadataxml>https://opendata.euskadi.eus/contenidos/c_transporte_y_movilidad/0000001961_c3_rec_turismo/r01Index/0000001961_c3_rec_turismo-idxContent.xml</metadataxml><zipfile>https://opendata.euskadi.eus/contenidos/c_transporte_y_movilidad/0000001961_c3_rec_turismo/opendata/0000001961_c3_rec_turismo.zip</zipfile></row><row num="20"><documentname>Estación de autobuses de Vitoria-Gasteiz</documentname><templatetype>Estaciones Transporte</templatetype><locality>Vitoria-Gasteiz</locality><accesibility>1</accesibility><accesibilityiconurl>accesibledescapacitados.gif</accesibilityiconurl><accesibilityicondescription>Accesible a personas con discapacidad</accesibilityicondescription><phone>945 161 666</phone><address>Plaza de Euskaltzaindia, s/n</address><marks>Vitoria-Gasteiz</marks><tourismemail>info.eaa@vitoria-gasteiz.org</tourismemail><web>http://www.vitoria-gasteiz.org/we001/was/we001Action.do?accionWe001=ficha&amp;amp;idioma=es&amp;amp;accion=cuadroMando&amp;amp;claveArea=1&amp;amp;claveTema=259&amp;amp;alias</web><postalcode>01010</postalcode><transporttype>Autobús</transporttype><latitudelongitude>42.8593846,-2.684728899999982</latitudelongitude><latwgs84>42.8593846</latwgs84><lonwgs84>-2.684728899999982</lonwgs84><municipality>Vitoria-Gasteiz</municipality><municipalitycode>059</municipalitycode><territory>Araba/Álava</territory><territorycode>01</territorycode><country>España</country><countrycode>108</countrycode><friendlyurl>https://opendata.euskadi.eus/catalogo/-/es/estaciones-transporte/estacion-de-autobuses-de-vitoria-gasteiz/</friendlyurl><physicalurl>https://opendata.euskadi.eus/catalogo/contenidos/c_transporte_y_movilidad/0000009645_c3_rec_turismo/es_9645/9645-ficha2.html</physicalurl><dataxml>https://opendata.euskadi.eus/contenidos/c_transporte_y_movilidad/0000009645_c3_rec_turismo/es_9645/data/9645_openData.xml</dataxml><metadataxml>https://opendata.euskadi.eus/contenidos/c_transporte_y_movilidad/0000009645_c3_rec_turismo/r01Index/0000009645_c3_rec_turismo-idxContent.xml</metadataxml><zipfile>https://opendata.euskadi.eus/contenidos/c_transporte_y_movilidad/0000009645_c3_rec_turismo/opendata/0000009645_c3_rec_turismo.zip</zipfile></row><row num="21"><documentname>Estación del Funicular de Igeldo</documentname><templatetype>Estaciones Transporte</templatetype><locality>Igeldo</locality><accesibility>1</accesibility><accesibilityiconurl>accesibledescapacitados.gif</accesibilityiconurl><accesibilityicondescription>Accesible a personas con discapacidad</accesibilityicondescription><phone>943 213 525</phone><address>Plaza del Funicular, 4</address><marks>Costa Vasca,San Sebastián</marks><tourismemail>info@monteigueldo.es</tourismemail><web>http://www.monteigueldo.es/</web><postalcode>20008</postalcode><transporttype>Funicular</transporttype><latitudelongitude>43.31924057681723,-2.0061128981476486</latitudelongitude><latwgs84>43.31924057681723</latwgs84><lonwgs84>-2.0061128981476486</lonwgs84><municipality>Donostia / San Sebastián</municipality><municipalitycode>069</municipalitycode><territory>Gipuzkoa</territory><territorycode>20</territorycode><country>España</country><countrycode>108</countrycode><friendlyurl>https://opendata.euskadi.eus/catalogo/-/es/estaciones-transporte/estacion-del-funicular-de-igeldo/</friendlyurl><physicalurl>https://opendata.euskadi.eus/catalogo/contenidos/c_transporte_y_movilidad/0000009842_c3_rec_turismo/es_9842/9842-ficha2.html</physicalurl><dataxml>https://opendata.euskadi.eus/contenidos/c_transporte_y_movilidad/0000009842_c3_rec_turismo/es_9842/data/9842_openData.xml</dataxml><metadataxml>https://opendata.euskadi.eus/contenidos/c_transporte_y_movilidad/0000009842_c3_rec_turismo/r01Index/0000009842_c3_rec_turismo-idxContent.xml</metadataxml><zipfile>https://opendata.euskadi.eus/contenidos/c_transporte_y_movilidad/0000009842_c3_rec_turismo/opendata/0000009842_c3_rec_turismo.zip</zipfile></row><row num="22"><documentname>Estación del Funicular de Artxanda</documentname><templatetype>Estaciones Transporte</templatetype><locality>Bilbao</locality><accesibility>1</accesibility><accesibilityiconurl>accesibledescapacitados.gif</accesibilityiconurl><accesibilityicondescription>Accesible a personas con discapacidad</accesibilityicondescription><phone>944 454 966</phone><address>Carretera de Artxanda a Santo Domingo, 27</address><marks>Bilbao</marks><tourismemail>funicular@funicularartxanda.bilbao.net</tourismemail><web>http://www.bilbao.net/funicularartxanda/</web><postalcode>48015</postalcode><transporttype>Funicular</transporttype><latitudelongitude>43.274092156202386,-2.920929035534641</latitudelongitude><latwgs84>43.274092156202386</latwgs84><lonwgs84>-2.920929035534641</lonwgs84><municipality>Bilbao</municipality><municipalitycode>020</municipalitycode><territory>Bizkaia</territory><territorycode>48</territorycode><country>España</country><countrycode>108</countrycode><friendlyurl>https://opendata.euskadi.eus/catalogo/-/es/estaciones-transporte/estacion-del-funicular-de-artxanda/</friendlyurl><physicalurl>https://opendata.euskadi.eus/catalogo/contenidos/c_transporte_y_movilidad/0000009845_c3_rec_turismo/es_9845/9845-ficha2.html</physicalurl><dataxml>https://opendata.euskadi.eus/contenidos/c_transporte_y_movilidad/0000009845_c3_rec_turismo/es_9845/data/9845_openData.xml</dataxml><metadataxml>https://opendata.euskadi.eus/contenidos/c_transporte_y_movilidad/0000009845_c3_rec_turismo/r01Index/0000009845_c3_rec_turismo-idxContent.xml</metadataxml><zipfile>https://opendata.euskadi.eus/contenidos/c_transporte_y_movilidad/0000009845_c3_rec_turismo/opendata/0000009845_c3_rec_turismo.zip</zipfile></row><row num="23"><documentname>Puerto Deportivo El Abra-Getxo</documentname><templatetype>Estaciones Transporte</templatetype><phone>944 912 367</phone><address>Muelle Arriluce, s/n</address><marks>Costa Vasca</marks><tourismemail>edurne@getxokaia.com</tourismemail><postalcode>48992</postalcode><transporttype>Marítimo</transporttype><latitudelongitude>43.34053582157494,-3.0181503295898438</latitudelongitude><latwgs84>43.34053582157494</latwgs84><lonwgs84>-3.0181503295898438</lonwgs84><municipality>Getxo</municipality><municipalitycode>044</municipalitycode><territory>Bizkaia</territory><territorycode>48</territorycode><country>España</country><countrycode>108</countrycode><friendlyurl>https://opendata.euskadi.eus/catalogo/-/es/estacoin-maritima/puerto-deportivo-el-abra-getxo/</friendlyurl><physicalurl>https://opendata.euskadi.eus/catalogo/contenidos/c_transporte_y_movilidad/0000081941_c3_rec_turismo/es_81941/81941-ficha2.html</physicalurl><dataxml>https://opendata.euskadi.eus/contenidos/c_transporte_y_movilidad/0000081941_c3_rec_turismo/es_81941/data/81941_openData.xml</dataxml><metadataxml>https://opendata.euskadi.eus/contenidos/c_transporte_y_movilidad/0000081941_c3_rec_turismo/r01Index/0000081941_c3_rec_turismo-idxContent.xml</metadataxml><zipfile>https://opendata.euskadi.eus/contenidos/c_transporte_y_movilidad/0000081941_c3_rec_turismo/opendata/0000081941_c3_rec_turismo.zip</zipfile></row><row num="24"><documentname>Estación del Funicular de Larreineta</documentname><templatetype>Estaciones Transporte</templatetype><locality>Larreineta  La Arboleda/Zugaztieta</locality><accesibility>1</accesibility><accesibilityiconurl>accesibledescapacitados.gif</accesibilityiconurl><accesibilityicondescription>Accesible a personas con discapacidad</accesibilityicondescription><phone>902 543 210</phone><address>Funikular, 30</address><marks>Montes y Valles vascos</marks><tourismemail>attcliente@euskotren.eus</tourismemail><web>http://www.euskotren.eus/es/euskotren/funicular</web><postalcode>48510</postalcode><transporttype>Funicular</transporttype><municipality>Valle de Trápaga-Trapagaran Valle de Trápaga-Trapagaran</municipality><municipalitycode>080 080</municipalitycode><territory>Bizkaia Bizkaia</territory><territorycode>48 48</territorycode><country>España España</country><countrycode>108 108</countrycode><friendlyurl>https://opendata.euskadi.eus/catalogo/-/es/estaciones-transporte/estacion-del-funicular-de-larreineta/</friendlyurl><physicalurl>https://opendata.euskadi.eus/catalogo/contenidos/c_transporte_y_movilidad/0000009825_c3_rec_turismo/es_9825/9825-ficha2.html</physicalurl><dataxml>https://opendata.euskadi.eus/contenidos/c_transporte_y_movilidad/0000009825_c3_rec_turismo/es_9825/data/9825_openData.xml</dataxml><metadataxml>https://opendata.euskadi.eus/contenidos/c_transporte_y_movilidad/0000009825_c3_rec_turismo/r01Index/0000009825_c3_rec_turismo-idxContent.xml</metadataxml><zipfile>https://opendata.euskadi.eus/contenidos/c_transporte_y_movilidad/0000009825_c3_rec_turismo/opendata/0000009825_c3_rec_turismo.zip</zipfile></row><row num="25"><documentname>Puerto de Pasaia</documentname><templatetype>Estaciones Transporte</templatetype><phone>686 775 559</phone><address>Muelle Donibane. Plaza Bizkaia, z/g</address><marks>Costa Vasca</marks><postalcode>20110</postalcode><transporttype>Marítimo</transporttype><latitudelongitude>43.322430285857024,-1.910719871520996</latitudelongitude><latwgs84>43.322430285857024</latwgs84><lonwgs84>-1.910719871520996</lonwgs84><municipality>Pasaia</municipality><municipalitycode>064</municipalitycode><territory>Gipuzkoa</territory><territorycode>20</territorycode><country>España</country><countrycode>108</countrycode><friendlyurl>https://opendata.euskadi.eus/catalogo/-/es/estaciones-maritimas/puerto-pasaia/</friendlyurl><physicalurl>https://opendata.euskadi.eus/catalogo/contenidos/c_transporte_y_movilidad/0000081861_c3_rec_turismo/es_81861/81861-ficha2.html</physicalurl><dataxml>https://opendata.euskadi.eus/contenidos/c_transporte_y_movilidad/0000081861_c3_rec_turismo/es_81861/data/81861_openData.xml</dataxml><metadataxml>https://opendata.euskadi.eus/contenidos/c_transporte_y_movilidad/0000081861_c3_rec_turismo/r01Index/0000081861_c3_rec_turismo-idxContent.xml</metadataxml><zipfile>https://opendata.euskadi.eus/contenidos/c_transporte_y_movilidad/0000081861_c3_rec_turismo/opendata/0000081861_c3_rec_turismo.zip</zipfile></row></rows>